[{"model": "admin.logentry", "pk": 1, "fields": {"action_time": "2022-01-12T13:44:56.992Z", "user": 1, "content_type": 10, "object_id": "1", "object_repr": "nasir", "action_flag": 1, "change_message": "[{\"added\": {}}]"}}, {"model": "admin.logentry", "pk": 2, "fields": {"action_time": "2022-01-12T13:45:33.540Z", "user": 1, "content_type": 8, "object_id": "1", "object_repr": "TEst", "action_flag": 1, "change_message": "[{\"added\": {}}]"}}, {"model": "admin.logentry", "pk": 3, "fields": {"action_time": "2022-01-12T13:55:04.965Z", "user": 1, "content_type": 29, "object_id": "1", "object_repr": "sadfasdf", "action_flag": 1, "change_message": "[{\"added\": {}}]"}}, {"model": "admin.logentry", "pk": 4, "fields": {"action_time": "2022-01-12T15:48:53.554Z", "user": 1, "content_type": 30, "object_id": "5", "object_repr": "osman", "action_flag": 3, "change_message": ""}}, {"model": "admin.logentry", "pk": 5, "fields": {"action_time": "2022-01-12T15:48:53.566Z", "user": 1, "content_type": 30, "object_id": "4", "object_repr": "osman", "action_flag": 3, "change_message": ""}}, {"model": "admin.logentry", "pk": 6, "fields": {"action_time": "2022-01-12T15:48:53.579Z", "user": 1, "content_type": 30, "object_id": "3", "object_repr": "osman", "action_flag": 3, "change_message": ""}}, {"model": "admin.logentry", "pk": 7, "fields": {"action_time": "2022-01-12T15:48:53.591Z", "user": 1, "content_type": 30, "object_id": "2", "object_repr": "osman", "action_flag": 3, "change_message": ""}}, {"model": "auth.permission", "pk": 1, "fields": {"name": "Can add log entry", "content_type": 1, "codename": "add_logentry"}}, {"model": "auth.permission", "pk": 2, "fields": {"name": "Can change log entry", "content_type": 1, "codename": "change_logentry"}}, {"model": "auth.permission", "pk": 3, "fields": {"name": "Can delete log entry", "content_type": 1, "codename": "delete_logentry"}}, {"model": "auth.permission", "pk": 4, "fields": {"name": "Can view log entry", "content_type": 1, "codename": "view_logentry"}}, {"model": "auth.permission", "pk": 5, "fields": {"name": "Can add permission", "content_type": 2, "codename": "add_permission"}}, {"model": "auth.permission", "pk": 6, "fields": {"name": "Can change permission", "content_type": 2, "codename": "change_permission"}}, {"model": "auth.permission", "pk": 7, "fields": {"name": "Can delete permission", "content_type": 2, "codename": "delete_permission"}}, {"model": "auth.permission", "pk": 8, "fields": {"name": "Can view permission", "content_type": 2, "codename": "view_permission"}}, {"model": "auth.permission", "pk": 9, "fields": {"name": "Can add group", "content_type": 3, "codename": "add_group"}}, {"model": "auth.permission", "pk": 10, "fields": {"name": "Can change group", "content_type": 3, "codename": "change_group"}}, {"model": "auth.permission", "pk": 11, "fields": {"name": "Can delete group", "content_type": 3, "codename": "delete_group"}}, {"model": "auth.permission", "pk": 12, "fields": {"name": "Can view group", "content_type": 3, "codename": "view_group"}}, {"model": "auth.permission", "pk": 13, "fields": {"name": "Can add content type", "content_type": 4, "codename": "add_contenttype"}}, {"model": "auth.permission", "pk": 14, "fields": {"name": "Can change content type", "content_type": 4, "codename": "change_contenttype"}}, {"model": "auth.permission", "pk": 15, "fields": {"name": "Can delete content type", "content_type": 4, "codename": "delete_contenttype"}}, {"model": "auth.permission", "pk": 16, "fields": {"name": "Can view content type", "content_type": 4, "codename": "view_contenttype"}}, {"model": "auth.permission", "pk": 17, "fields": {"name": "Can add session", "content_type": 5, "codename": "add_session"}}, {"model": "auth.permission", "pk": 18, "fields": {"name": "Can change session", "content_type": 5, "codename": "change_session"}}, {"model": "auth.permission", "pk": 19, "fields": {"name": "Can delete session", "content_type": 5, "codename": "delete_session"}}, {"model": "auth.permission", "pk": 20, "fields": {"name": "Can view session", "content_type": 5, "codename": "view_session"}}, {"model": "auth.permission", "pk": 21, "fields": {"name": "Can add contact", "content_type": 6, "codename": "add_contact"}}, {"model": "auth.permission", "pk": 22, "fields": {"name": "Can change contact", "content_type": 6, "codename": "change_contact"}}, {"model": "auth.permission", "pk": 23, "fields": {"name": "Can delete contact", "content_type": 6, "codename": "delete_contact"}}, {"model": "auth.permission", "pk": 24, "fields": {"name": "Can view contact", "content_type": 6, "codename": "view_contact"}}, {"model": "auth.permission", "pk": 25, "fields": {"name": "Can add user", "content_type": 7, "codename": "add_customuser"}}, {"model": "auth.permission", "pk": 26, "fields": {"name": "Can change user", "content_type": 7, "codename": "change_customuser"}}, {"model": "auth.permission", "pk": 27, "fields": {"name": "Can delete user", "content_type": 7, "codename": "delete_customuser"}}, {"model": "auth.permission", "pk": 28, "fields": {"name": "Can view user", "content_type": 7, "codename": "view_customuser"}}, {"model": "auth.permission", "pk": 29, "fields": {"name": "Can add catergory", "content_type": 8, "codename": "add_catergory"}}, {"model": "auth.permission", "pk": 30, "fields": {"name": "Can change catergory", "content_type": 8, "codename": "change_catergory"}}, {"model": "auth.permission", "pk": 31, "fields": {"name": "Can delete catergory", "content_type": 8, "codename": "delete_catergory"}}, {"model": "auth.permission", "pk": 32, "fields": {"name": "Can view catergory", "content_type": 8, "codename": "view_catergory"}}, {"model": "auth.permission", "pk": 33, "fields": {"name": "Can add content", "content_type": 9, "codename": "add_content"}}, {"model": "auth.permission", "pk": 34, "fields": {"name": "Can change content", "content_type": 9, "codename": "change_content"}}, {"model": "auth.permission", "pk": 35, "fields": {"name": "Can delete content", "content_type": 9, "codename": "delete_content"}}, {"model": "auth.permission", "pk": 36, "fields": {"name": "Can view content", "content_type": 9, "codename": "view_content"}}, {"model": "auth.permission", "pk": 37, "fields": {"name": "Can add mentee profile", "content_type": 10, "codename": "add_menteeprofile"}}, {"model": "auth.permission", "pk": 38, "fields": {"name": "Can change mentee profile", "content_type": 10, "codename": "change_menteeprofile"}}, {"model": "auth.permission", "pk": 39, "fields": {"name": "Can delete mentee profile", "content_type": 10, "codename": "delete_menteeprofile"}}, {"model": "auth.permission", "pk": 40, "fields": {"name": "Can view mentee profile", "content_type": 10, "codename": "view_menteeprofile"}}, {"model": "auth.permission", "pk": 41, "fields": {"name": "Can add mentor payment plans", "content_type": 11, "codename": "add_mentorpaymentplans"}}, {"model": "auth.permission", "pk": 42, "fields": {"name": "Can change mentor payment plans", "content_type": 11, "codename": "change_mentorpaymentplans"}}, {"model": "auth.permission", "pk": 43, "fields": {"name": "Can delete mentor payment plans", "content_type": 11, "codename": "delete_mentorpaymentplans"}}, {"model": "auth.permission", "pk": 44, "fields": {"name": "Can view mentor payment plans", "content_type": 11, "codename": "view_mentorpaymentplans"}}, {"model": "auth.permission", "pk": 45, "fields": {"name": "Can add mentor profile", "content_type": 12, "codename": "add_mentorprofile"}}, {"model": "auth.permission", "pk": 46, "fields": {"name": "Can change mentor profile", "content_type": 12, "codename": "change_mentorprofile"}}, {"model": "auth.permission", "pk": 47, "fields": {"name": "Can delete mentor profile", "content_type": 12, "codename": "delete_mentorprofile"}}, {"model": "auth.permission", "pk": 48, "fields": {"name": "Can view mentor profile", "content_type": 12, "codename": "view_mentorprofile"}}, {"model": "auth.permission", "pk": 49, "fields": {"name": "Can add mentor request", "content_type": 13, "codename": "add_mentorrequest"}}, {"model": "auth.permission", "pk": 50, "fields": {"name": "Can change mentor request", "content_type": 13, "codename": "change_mentorrequest"}}, {"model": "auth.permission", "pk": 51, "fields": {"name": "Can delete mentor request", "content_type": 13, "codename": "delete_mentorrequest"}}, {"model": "auth.permission", "pk": 52, "fields": {"name": "Can view mentor request", "content_type": 13, "codename": "view_mentorrequest"}}, {"model": "auth.permission", "pk": 53, "fields": {"name": "Can add stripe customer", "content_type": 14, "codename": "add_stripecustomer"}}, {"model": "auth.permission", "pk": 54, "fields": {"name": "Can change stripe customer", "content_type": 14, "codename": "change_stripecustomer"}}, {"model": "auth.permission", "pk": 55, "fields": {"name": "Can delete stripe customer", "content_type": 14, "codename": "delete_stripecustomer"}}, {"model": "auth.permission", "pk": 56, "fields": {"name": "Can view stripe customer", "content_type": 14, "codename": "view_stripecustomer"}}, {"model": "auth.permission", "pk": 57, "fields": {"name": "Can add skill", "content_type": 15, "codename": "add_skill"}}, {"model": "auth.permission", "pk": 58, "fields": {"name": "Can change skill", "content_type": 15, "codename": "change_skill"}}, {"model": "auth.permission", "pk": 59, "fields": {"name": "Can delete skill", "content_type": 15, "codename": "delete_skill"}}, {"model": "auth.permission", "pk": 60, "fields": {"name": "Can view skill", "content_type": 15, "codename": "view_skill"}}, {"model": "auth.permission", "pk": 61, "fields": {"name": "Can add review", "content_type": 16, "codename": "add_review"}}, {"model": "auth.permission", "pk": 62, "fields": {"name": "Can change review", "content_type": 16, "codename": "change_review"}}, {"model": "auth.permission", "pk": 63, "fields": {"name": "Can delete review", "content_type": 16, "codename": "delete_review"}}, {"model": "auth.permission", "pk": 64, "fields": {"name": "Can view review", "content_type": 16, "codename": "view_review"}}, {"model": "auth.permission", "pk": 65, "fields": {"name": "Can add mentor skill", "content_type": 17, "codename": "add_mentorskill"}}, {"model": "auth.permission", "pk": 66, "fields": {"name": "Can change mentor skill", "content_type": 17, "codename": "change_mentorskill"}}, {"model": "auth.permission", "pk": 67, "fields": {"name": "Can delete mentor skill", "content_type": 17, "codename": "delete_mentorskill"}}, {"model": "auth.permission", "pk": 68, "fields": {"name": "Can view mentor skill", "content_type": 17, "codename": "view_mentorskill"}}, {"model": "auth.permission", "pk": 69, "fields": {"name": "Can add mentor request time", "content_type": 18, "codename": "add_mentorrequesttime"}}, {"model": "auth.permission", "pk": 70, "fields": {"name": "Can change mentor request time", "content_type": 18, "codename": "change_mentorrequesttime"}}, {"model": "auth.permission", "pk": 71, "fields": {"name": "Can delete mentor request time", "content_type": 18, "codename": "delete_mentorrequesttime"}}, {"model": "auth.permission", "pk": 72, "fields": {"name": "Can view mentor request time", "content_type": 18, "codename": "view_mentorrequesttime"}}, {"model": "auth.permission", "pk": 73, "fields": {"name": "Can add mentor mentee relations", "content_type": 19, "codename": "add_mentormenteerelations"}}, {"model": "auth.permission", "pk": 74, "fields": {"name": "Can change mentor mentee relations", "content_type": 19, "codename": "change_mentormenteerelations"}}, {"model": "auth.permission", "pk": 75, "fields": {"name": "Can delete mentor mentee relations", "content_type": 19, "codename": "delete_mentormenteerelations"}}, {"model": "auth.permission", "pk": 76, "fields": {"name": "Can view mentor mentee relations", "content_type": 19, "codename": "view_mentormenteerelations"}}, {"model": "auth.permission", "pk": 77, "fields": {"name": "Can add mentee interest", "content_type": 20, "codename": "add_menteeinterest"}}, {"model": "auth.permission", "pk": 78, "fields": {"name": "Can change mentee interest", "content_type": 20, "codename": "change_menteeinterest"}}, {"model": "auth.permission", "pk": 79, "fields": {"name": "Can delete mentee interest", "content_type": 20, "codename": "delete_menteeinterest"}}, {"model": "auth.permission", "pk": 80, "fields": {"name": "Can view mentee interest", "content_type": 20, "codename": "view_menteeinterest"}}, {"model": "auth.permission", "pk": 81, "fields": {"name": "Can add course catergory", "content_type": 21, "codename": "add_coursecatergory"}}, {"model": "auth.permission", "pk": 82, "fields": {"name": "Can change course catergory", "content_type": 21, "codename": "change_coursecatergory"}}, {"model": "auth.permission", "pk": 83, "fields": {"name": "Can delete course catergory", "content_type": 21, "codename": "delete_coursecatergory"}}, {"model": "auth.permission", "pk": 84, "fields": {"name": "Can view course catergory", "content_type": 21, "codename": "view_coursecatergory"}}, {"model": "auth.permission", "pk": 85, "fields": {"name": "Can add mentor availability", "content_type": 22, "codename": "add_mentoravailability"}}, {"model": "auth.permission", "pk": 86, "fields": {"name": "Can change mentor availability", "content_type": 22, "codename": "change_mentoravailability"}}, {"model": "auth.permission", "pk": 87, "fields": {"name": "Can delete mentor availability", "content_type": 22, "codename": "delete_mentoravailability"}}, {"model": "auth.permission", "pk": 88, "fields": {"name": "Can view mentor availability", "content_type": 22, "codename": "view_mentoravailability"}}, {"model": "auth.permission", "pk": 89, "fields": {"name": "Can add mentor request time slot", "content_type": 23, "codename": "add_mentorrequesttimeslot"}}, {"model": "auth.permission", "pk": 90, "fields": {"name": "Can change mentor request time slot", "content_type": 23, "codename": "change_mentorrequesttimeslot"}}, {"model": "auth.permission", "pk": 91, "fields": {"name": "Can delete mentor request time slot", "content_type": 23, "codename": "delete_mentorrequesttimeslot"}}, {"model": "auth.permission", "pk": 92, "fields": {"name": "Can view mentor request time slot", "content_type": 23, "codename": "view_mentorrequesttimeslot"}}, {"model": "auth.permission", "pk": 93, "fields": {"name": "Can add mentor booked event", "content_type": 24, "codename": "add_mentorbookedevent"}}, {"model": "auth.permission", "pk": 94, "fields": {"name": "Can change mentor booked event", "content_type": 24, "codename": "change_mentorbookedevent"}}, {"model": "auth.permission", "pk": 95, "fields": {"name": "Can delete mentor booked event", "content_type": 24, "codename": "delete_mentorbookedevent"}}, {"model": "auth.permission", "pk": 96, "fields": {"name": "Can view mentor booked event", "content_type": 24, "codename": "view_mentorbookedevent"}}, {"model": "auth.permission", "pk": 97, "fields": {"name": "Can add dashboard video", "content_type": 25, "codename": "add_dashboardvideo"}}, {"model": "auth.permission", "pk": 98, "fields": {"name": "Can change dashboard video", "content_type": 25, "codename": "change_dashboardvideo"}}, {"model": "auth.permission", "pk": 99, "fields": {"name": "Can delete dashboard video", "content_type": 25, "codename": "delete_dashboardvideo"}}, {"model": "auth.permission", "pk": 100, "fields": {"name": "Can view dashboard video", "content_type": 25, "codename": "view_dashboardvideo"}}, {"model": "auth.permission", "pk": 101, "fields": {"name": "Can add message", "content_type": 26, "codename": "add_message"}}, {"model": "auth.permission", "pk": 102, "fields": {"name": "Can change message", "content_type": 26, "codename": "change_message"}}, {"model": "auth.permission", "pk": 103, "fields": {"name": "Can delete message", "content_type": 26, "codename": "delete_message"}}, {"model": "auth.permission", "pk": 104, "fields": {"name": "Can view message", "content_type": 26, "codename": "view_message"}}, {"model": "auth.permission", "pk": 105, "fields": {"name": "Can add room", "content_type": 27, "codename": "add_room"}}, {"model": "auth.permission", "pk": 106, "fields": {"name": "Can change room", "content_type": 27, "codename": "change_room"}}, {"model": "auth.permission", "pk": 107, "fields": {"name": "Can delete room", "content_type": 27, "codename": "delete_room"}}, {"model": "auth.permission", "pk": 108, "fields": {"name": "Can view room", "content_type": 27, "codename": "view_room"}}, {"model": "auth.permission", "pk": 109, "fields": {"name": "Can add notification", "content_type": 28, "codename": "add_notification"}}, {"model": "auth.permission", "pk": 110, "fields": {"name": "Can change notification", "content_type": 28, "codename": "change_notification"}}, {"model": "auth.permission", "pk": 111, "fields": {"name": "Can delete notification", "content_type": 28, "codename": "delete_notification"}}, {"model": "auth.permission", "pk": 112, "fields": {"name": "Can view notification", "content_type": 28, "codename": "view_notification"}}, {"model": "auth.permission", "pk": 113, "fields": {"name": "Can add meeting", "content_type": 29, "codename": "add_meeting"}}, {"model": "auth.permission", "pk": 114, "fields": {"name": "Can change meeting", "content_type": 29, "codename": "change_meeting"}}, {"model": "auth.permission", "pk": 115, "fields": {"name": "Can delete meeting", "content_type": 29, "codename": "delete_meeting"}}, {"model": "auth.permission", "pk": 116, "fields": {"name": "Can view meeting", "content_type": 29, "codename": "view_meeting"}}, {"model": "auth.permission", "pk": 117, "fields": {"name": "Can add meeting recording", "content_type": 30, "codename": "add_meetingrecording"}}, {"model": "auth.permission", "pk": 118, "fields": {"name": "Can change meeting recording", "content_type": 30, "codename": "change_meetingrecording"}}, {"model": "auth.permission", "pk": 119, "fields": {"name": "Can delete meeting recording", "content_type": 30, "codename": "delete_meetingrecording"}}, {"model": "auth.permission", "pk": 120, "fields": {"name": "Can view meeting recording", "content_type": 30, "codename": "view_meetingrecording"}}, {"model": "contenttypes.contenttype", "pk": 1, "fields": {"app_label": "admin", "model": "logentry"}}, {"model": "contenttypes.contenttype", "pk": 2, "fields": {"app_label": "auth", "model": "permission"}}, {"model": "contenttypes.contenttype", "pk": 3, "fields": {"app_label": "auth", "model": "group"}}, {"model": "contenttypes.contenttype", "pk": 4, "fields": {"app_label": "contenttypes", "model": "contenttype"}}, {"model": "contenttypes.contenttype", "pk": 5, "fields": {"app_label": "sessions", "model": "session"}}, {"model": "contenttypes.contenttype", "pk": 6, "fields": {"app_label": "main", "model": "contact"}}, {"model": "contenttypes.contenttype", "pk": 7, "fields": {"app_label": "users", "model": "customuser"}}, {"model": "contenttypes.contenttype", "pk": 8, "fields": {"app_label": "users", "model": "catergory"}}, {"model": "contenttypes.contenttype", "pk": 9, "fields": {"app_label": "users", "model": "content"}}, {"model": "contenttypes.contenttype", "pk": 10, "fields": {"app_label": "users", "model": "menteeprofile"}}, {"model": "contenttypes.contenttype", "pk": 11, "fields": {"app_label": "users", "model": "mentorpaymentplans"}}, {"model": "contenttypes.contenttype", "pk": 12, "fields": {"app_label": "users", "model": "mentorprofile"}}, {"model": "contenttypes.contenttype", "pk": 13, "fields": {"app_label": "users", "model": "mentorrequest"}}, {"model": "contenttypes.contenttype", "pk": 14, "fields": {"app_label": "users", "model": "stripecustomer"}}, {"model": "contenttypes.contenttype", "pk": 15, "fields": {"app_label": "users", "model": "skill"}}, {"model": "contenttypes.contenttype", "pk": 16, "fields": {"app_label": "users", "model": "review"}}, {"model": "contenttypes.contenttype", "pk": 17, "fields": {"app_label": "users", "model": "mentorskill"}}, {"model": "contenttypes.contenttype", "pk": 18, "fields": {"app_label": "users", "model": "mentorrequesttime"}}, {"model": "contenttypes.contenttype", "pk": 19, "fields": {"app_label": "users", "model": "mentormenteerelations"}}, {"model": "contenttypes.contenttype", "pk": 20, "fields": {"app_label": "users", "model": "menteeinterest"}}, {"model": "contenttypes.contenttype", "pk": 21, "fields": {"app_label": "users", "model": "coursecatergory"}}, {"model": "contenttypes.contenttype", "pk": 22, "fields": {"app_label": "users", "model": "mentoravailability"}}, {"model": "contenttypes.contenttype", "pk": 23, "fields": {"app_label": "users", "model": "mentorrequesttimeslot"}}, {"model": "contenttypes.contenttype", "pk": 24, "fields": {"app_label": "users", "model": "mentorbookedevent"}}, {"model": "contenttypes.contenttype", "pk": 25, "fields": {"app_label": "mentor", "model": "dashboardvideo"}}, {"model": "contenttypes.contenttype", "pk": 26, "fields": {"app_label": "direct", "model": "message"}}, {"model": "contenttypes.contenttype", "pk": 27, "fields": {"app_label": "direct", "model": "room"}}, {"model": "contenttypes.contenttype", "pk": 28, "fields": {"app_label": "notifications", "model": "notification"}}, {"model": "contenttypes.contenttype", "pk": 29, "fields": {"app_label": "meeting", "model": "meeting"}}, {"model": "contenttypes.contenttype", "pk": 30, "fields": {"app_label": "meeting", "model": "meetingrecording"}}, {"model": "sessions.session", "pk": "608ck6x5lhqvnr89yf6ymggihrb82r9z", "fields": {"session_data": ".eJxVjstuwyAQRf-FdUoB2xhn2ccyu-yqyhpgsElaiIBEqqL8e6FKpXYxm3PvPZormeFc1vmcMc3eki0ZyOYv02COGFpgDxCWSE0MJXlNW4Xe00x30eLH0737T7BCXut6NFIjdz2Inkkp0XaKObTjOI2dtRNDoTU41XdKDcI4UBMIxeVQJ1wwrqrUQMG0xPRFtm9X0p7lGxLgE6t-_5pLrVjMJvlT8TFUCNm6djXw5oc8_yrmBh5f8LJffTjmB9bRw2kht_fbNxAkWhI:1n7eRk:qXu2IXwQFFOrs4biretS7LsrH-_PNmxkYLlP95bkwc4", "expire_date": "2022-01-26T14:17:52.666Z"}}, {"model": "sessions.session", "pk": "gyxyc9yl6qt0jd7cnj5255x5wfihdzjm", "fields": {"session_data": ".eJxdjkFPwyAYhv8L54q0tEJ3nNvReNnNmOYrfG3ZKixATczS_y7oXNQDl-d5vydcSAdLnLoloO-MJhtSk-I360Gd0Gahj2BHR5Wz0Zue5gm92kCfnMZ5e93-CUwQpnStOK-wYiCbdqjKspSMPeDQI5e14ABCJaWR11IPqhZMSQGsgabSPbaybEWKKojoR-c_yOblQvJny4JYeMOUP-xDTBONQXlzjsbZBCHoIb8kjPoijz-JLoP7Hb4fJmNP4Y5xejyPZC2-w9Ut_Bwn9P_LdpnnW5Osr-snXwVrAQ:1n7fpV:1wjEA-im-aK8QGj4hwmPKZlR0uT8gWvE5Ne2ZLyHrvY", "expire_date": "2022-01-26T15:46:29.090Z"}}, {"model": "sessions.session", "pk": "rdoop7vaaykis71ddca33hqvrx1gp8u5", "fields": {"session_data": ".eJxdjkFPwyAYhv8L54q0tEJ3nNvReNnNmOYrfG3ZKixATczS_y7oXNQDl-d5vydcSAdLnLoloO-MJhtSk-I360Gd0Gahj2BHR5Wz0Zue5gm92kCfnMZ5e93-CUwQpnStOK-wYiCbdqjKspSMPeDQI5e14ABCJaWR11IPqhZMSQGsgabSPbaybEWKKojoR-c_yOblQvJny4JYeMOUP-xDTBONQXlzjsbZBCHoIb8kjPoijz-JLoP7Hb4fJmNP4Y5xejyPZC2-w9Ut_Bwn9P_LdpnnW5Osr-snXwVrAQ:1n7flw:FCTmKCVHIInp3dIWC1cl5lkChj8_RQaW1f81geLK-rU", "expire_date": "2022-01-26T15:42:48.593Z"}}, {"model": "sessions.session", "pk": "rp5vj2shcnl5fvdgvbdbhew8lpsscd4l", "fields": {"session_data": ".eJxVjDsOwyAQBe9CHSFg-ZiU6X0GBMsSnERYMnYV5e6xJRdJ-2bmvVmI21rD1mkJU2ZXJtnld0sRn9QOkB-x3WeOc1uXKfFD4SftfJwzvW6n-3dQY697XXQRWhBhAVOUSpaSzSV68NmjcKQloQOnpTbGJAA7KIVqKEC4a86xzxf6rTg-:1n7gEj:CO84Q39WJ8StTv_0AIkK9_NYKty4BfbBQbuPrtxE1hs", "expire_date": "2022-01-26T16:12:33.990Z"}}, {"model": "sessions.session", "pk": "t7srh1zicy9b9lavihe03bczxc3v552l", "fields": {"session_data": ".eJxdjstOwzAQRf_F6xBs5-V0yWOJ2HSHUDSxx7Hb4FS2g4Sq_Ds2lApYzObce4_mTAZYoxnWgH6wiuxIQ4rfbAR5RJcDdQA3LaVcXPR2LHOlvKShfFoUzneX7h-BgWDSupPtiEzXwGvati2qSlCNquv6rlKqp8jHEbSoKyEaLjWIHrhgbZMmjFMmklRCRD8t_oPsXs4kP8sK4uANk37_GGKqKAzS21O0i0sQgtL5UmDlF7n_UQwZ3D7g-95Ydww3tCoPp4lsxbeYX8XP0aD_b3brPF-dZHvdPgFlJWrk:1n7gm6:m5D-UhuiZ45YsmiDOcmoqMRZVOjnBWbQlQ5H4xELmHU", "expire_date": "2022-01-26T16:47:02.553Z"}}, {"model": "sessions.session", "pk": "touv8vgo8qrl6ah38ucl399smgttdund", "fields": {"session_data": ".eJxVjDsOwyAQBe9CHSFg-ZiU6X0GBMsSnERYMnYV5e6xJRdJ-2bmvVmI21rD1mkJU2ZXJtnld0sRn9QOkB-x3WeOc1uXKfFD4SftfJwzvW6n-3dQY697XXQRWhBhAVOUSpaSzSV68NmjcKQloQOnpTbGJAA7KIVqKEC4a86xzxf6rTg-:1n7eHI:rn0d3c65BGshU-Z5BiOB6e0G8ikgIkNY9r1_19_uDFc", "expire_date": "2022-01-26T14:07:04.732Z"}}, {"model": "sessions.session", "pk": "v9ggdutbtnptqno120fbyvlb3oeog1xa", "fields": {"session_data": ".eJxVjMsOwiAQRf-FtSE8OhRcuu83kJkBpWogKe3K-O_apAvd3nPOfYmI21ri1vMS5yTOwonT70bIj1x3kO5Yb01yq-syk9wVedAup5by83K4fwcFe_nWBnLSnBjIGA2UPGAYkchdnc1Mjm0gzUoNQXuTDSvWyikI3g8WRgXi_QH3qDdj:1n7gq2:uTpMsb0FC2XbWv4eB-gCKcqqhNScyWBPzSoXN8cS5Zs", "expire_date": "2022-01-26T16:51:06.745Z"}}, {"model": "users.customuser", "pk": 1, "fields": {"last_login": "2022-01-12T16:12:33.981Z", "is_superuser": true, "first_name": "", "last_name": "", "is_staff": true, "is_active": true, "date_joined": "2022-01-12T12:35:35.707Z", "username": "nasir", "password": "pbkdf2_sha256$260000$eZmBk7KhYnI0Yowa8ZN7IM$8xSkHIM2GsuM7z3Ujf2rYzHEAB+slG4K2MzVSWvBqQY=", "email": null, "user_type": null, "phone_number": null, "address": null, "country": null, "city": null, "timezone": "Europe/London", "is_new_message": false, "groups": [], "user_permissions": []}}, {"model": "users.customuser", "pk": 2, "fields": {"last_login": "2022-01-12T12:37:32.398Z", "is_superuser": false, "first_name": "", "last_name": "", "is_staff": false, "is_active": true, "date_joined": "2022-01-12T12:37:32.233Z", "username": "nasiriqbal", "password": "pbkdf2_sha256$260000$gjoygy9NVA5CvW4pu7O2fV$kYsSwrRpDRzn334WQQ905QH6xT5zZglgFstctDxD6PA=", "email": "admin@admin.com", "user_type": "Mentor", "phone_number": null, "address": null, "country": null, "city": null, "timezone": "Europe/London", "is_new_message": false, "groups": [], "user_permissions": []}}, {"model": "users.customuser", "pk": 3, "fields": {"last_login": "2022-01-12T15:39:18.877Z", "is_superuser": false, "first_name": "", "last_name": "", "is_staff": false, "is_active": true, "date_joined": "2022-01-12T14:11:13.763Z", "username": "thasa", "password": "pbkdf2_sha256$260000$qGWOknwrmDf3GKobxATyPW$ON0H7WrdohGZDRUxzA57LLe04OuuCTZV9xePa++iESY=", "email": "thasa@kleui.com", "user_type": "Mentee", "phone_number": null, "address": null, "country": null, "city": null, "timezone": "Europe/London", "is_new_message": false, "groups": [], "user_permissions": []}}, {"model": "users.customuser", "pk": 4, "fields": {"last_login": "2022-01-12T15:42:48.446Z", "is_superuser": false, "first_name": "", "last_name": "", "is_staff": false, "is_active": true, "date_joined": "2022-01-12T14:17:22.612Z", "username": "Thasanthan", "password": "pbkdf2_sha256$260000$Lks3edVQjdl0U4QDUHIADw$DONa2jWqWFYkWewtE2L6Rm0J4qyrZx58S+rRRhA+nTw=", "email": "thasa@devgriffins.com", "user_type": "Mentee", "phone_number": "8769697", "address": null, "country": null, "city": null, "timezone": "Europe/London", "is_new_message": false, "groups": [], "user_permissions": []}}, {"model": "users.customuser", "pk": 5, "fields": {"last_login": "2022-01-12T16:06:07.518Z", "is_superuser": false, "first_name": "", "last_name": "", "is_staff": false, "is_active": true, "date_joined": "2022-01-12T14:17:52.368Z", "username": "osman", "password": "pbkdf2_sha256$260000$qgSUJAZMxBjcyirnYW65Dd$tIuIBUHhV6WJ8IrAgvuGmItMFB8eXfeQlAXoNsvqP5o=", "email": "engnasir733@nasir.com", "user_type": "Mentor", "phone_number": null, "address": null, "country": null, "city": null, "timezone": "Europe/London", "is_new_message": false, "groups": [], "user_permissions": []}}, {"model": "users.customuser", "pk": 6, "fields": {"last_login": "2022-01-12T16:51:06.737Z", "is_superuser": false, "first_name": "", "last_name": "", "is_staff": false, "is_active": true, "date_joined": "2022-01-12T16:51:06.586Z", "username": "thasa thasa", "password": "pbkdf2_sha256$260000$2Q723mDUvAjIWlXpYWbA9y$zoOCQhmWG/vSVxQVHrjgc0Taxnm7TDg+OfFRQkCKN8I=", "email": "engnasir733@gmail.com", "user_type": "Mentee", "phone_number": null, "address": null, "country": null, "city": null, "timezone": "Europe/London", "is_new_message": false, "groups": [], "user_permissions": []}}, {"model": "users.mentorprofile", "pk": 1, "fields": {"user": 2, "bio": null, "birth_date": null, "meeting_did": null, "image": "default.png", "reviews_count": null, "messages_received": null, "instagram_url": "#", "facebook_url": "#", "twitter_url": "#", "linkedin_url": "#", "github_url": "#", "website_url": "#", "youtube_url": "#", "total_money_earned": "0", "total_hours_teached": "0"}}, {"model": "users.mentorprofile", "pk": 2, "fields": {"user": 5, "bio": null, "birth_date": null, "meeting_did": null, "image": "default.png", "reviews_count": null, "messages_received": null, "instagram_url": "#", "facebook_url": "#", "twitter_url": "#", "linkedin_url": "#", "github_url": "#", "website_url": "#", "youtube_url": "#", "total_money_earned": "0", "total_hours_teached": "0"}}, {"model": "users.menteeprofile", "pk": 1, "fields": {"user": 1, "birth_date": "2022-01-12", "image": "profile_pics/mentee/DevThinks-02.png", "total_money_spent": "0", "total_hours_learned": "0"}}, {"model": "users.menteeprofile", "pk": 2, "fields": {"user": 3, "birth_date": null, "image": "default.png", "total_money_spent": "0", "total_hours_learned": "0"}}, {"model": "users.menteeprofile", "pk": 3, "fields": {"user": 4, "birth_date": null, "image": "default.png", "total_money_spent": "0", "total_hours_learned": "0"}}, {"model": "users.menteeprofile", "pk": 4, "fields": {"user": 6, "birth_date": null, "image": "default.png", "total_money_spent": "0", "total_hours_learned": "0"}}, {"model": "users.catergory", "pk": 1, "fields": {"name": "TEst", "description": "asdfasdf", "icon": "Catergory_icon/DevThinks-03.jpg"}}, {"model": "users.catergory", "pk": 2, "fields": {"name": "Other", "description": null, "icon": ""}}, {"model": "users.skill", "pk": 1, "fields": {"catergory": 2, "name": "thasa", "description": null}}, {"model": "users.skill", "pk": 2, "fields": {"catergory": null, "name": " thasakumar", "description": null}}, {"model": "users.skill", "pk": 3, "fields": {"catergory": 2, "name": "thasak", "description": null}}, {"model": "users.skill", "pk": 4, "fields": {"catergory": 2, "name": "react", "description": null}}, {"model": "users.skill", "pk": 5, "fields": {"catergory": 2, "name": "js", "description": null}}, {"model": "users.skill", "pk": 6, "fields": {"catergory": 2, "name": "css", "description": null}}, {"model": "users.skill", "pk": 7, "fields": {"catergory": 2, "name": "comma", "description": null}}, {"model": "users.skill", "pk": 8, "fields": {"catergory": 2, "name": "something", "description": null}}, {"model": "users.skill", "pk": 9, "fields": {"catergory": 2, "name": "cool", "description": null}}, {"model": "users.skill", "pk": 10, "fields": {"catergory": 2, "name": "test", "description": null}}, {"model": "users.skill", "pk": 11, "fields": {"catergory": 2, "name": "testk", "description": null}}, {"model": "users.skill", "pk": 12, "fields": {"catergory": 2, "name": "fixed", "description": null}}, {"model": "users.skill", "pk": 13, "fields": {"catergory": 2, "name": "ooo", "description": null}}, {"model": "users.content", "pk": 1, "fields": {"user": 2, "title": "React Developer ", "description": "asdfasdf", "image": "content/pics/DevThinks-03.png", "video_link": null, "created_at": "2022-01-12T14:18:20.759Z", "updated_at": "2022-01-12T14:18:20.759Z", "is_active": true, "price_per_hour": "0.00", "content_tags": []}}, {"model": "users.content", "pk": 2, "fields": {"user": 2, "title": "Thasa", "description": "Hello", "image": "content/pics/28_UNICEF_Markoding_2020.jpeg", "video_link": "", "created_at": "2022-01-12T14:22:31.319Z", "updated_at": "2022-01-12T15:33:17.191Z", "is_active": true, "price_per_hour": "0.00", "content_tags": [1, 2, 3, 10]}}, {"model": "users.review", "pk": 1, "fields": {"user": 4, "content": 2, "message": "Awesome Content", "rating": 5, "created_at": "2022-01-12T15:29:27.910Z", "updated_at": "2022-01-12T15:29:27.910Z"}}, {"model": "users.mentorskill", "pk": 1, "fields": {"mentor": 1, "skill": []}}, {"model": "users.mentorskill", "pk": 2, "fields": {"mentor": 2, "skill": [11, 12, 13]}}, {"model": "users.menteeinterest", "pk": 1, "fields": {"mentee": 2, "interest": []}}, {"model": "users.menteeinterest", "pk": 2, "fields": {"mentee": 3, "interest": [4, 5, 6, 7, 8, 9]}}, {"model": "users.menteeinterest", "pk": 3, "fields": {"mentee": 4, "interest": []}}, {"model": "users.mentorrequest", "pk": 1, "fields": {"mentee": 3, "mentor": 2, "created_at": "2022-01-12T14:25:54.601Z", "content": 2, "accepted": true, "declined": false, "time_plan": null, "total_amount": "0.00"}}, {"model": "users.mentorrequesttime", "pk": 1, "fields": {"request": 1, "date": "2022-01-19", "weekday": "Wednesday", "mentor_availibility": 4, "created_at": "2022-01-12T14:25:54.616Z", "updated_at": "2022-01-12T14:25:54.616Z"}}, {"model": "users.mentoravailability", "pk": 3, "fields": {"mentor": 2, "weekday": "Monday", "from_hour": "01:00:00", "to_hour": "03:00:00"}}, {"model": "users.mentoravailability", "pk": 4, "fields": {"mentor": 2, "weekday": "Wednesday", "from_hour": "01:00:00", "to_hour": "03:00:00"}}, {"model": "users.mentorrequesttimeslot", "pk": 22, "fields": {"mentor": 2, "mentor_availability": 3, "weekday": "Monday", "from_time": "01:00:00", "to_time": "01:20:00", "is_available": true}}, {"model": "users.mentorrequesttimeslot", "pk": 23, "fields": {"mentor": 2, "mentor_availability": 3, "weekday": "Monday", "from_time": "01:20:00", "to_time": "01:40:00", "is_available": true}}, {"model": "users.mentorrequesttimeslot", "pk": 24, "fields": {"mentor": 2, "mentor_availability": 3, "weekday": "Monday", "from_time": "01:40:00", "to_time": "02:00:00", "is_available": true}}, {"model": "users.mentorrequesttimeslot", "pk": 25, "fields": {"mentor": 2, "mentor_availability": 3, "weekday": "Monday", "from_time": "02:00:00", "to_time": "02:20:00", "is_available": true}}, {"model": "users.mentorrequesttimeslot", "pk": 26, "fields": {"mentor": 2, "mentor_availability": 3, "weekday": "Monday", "from_time": "02:20:00", "to_time": "02:40:00", "is_available": true}}, {"model": "users.mentorrequesttimeslot", "pk": 27, "fields": {"mentor": 2, "mentor_availability": 3, "weekday": "Monday", "from_time": "02:40:00", "to_time": "03:00:00", "is_available": true}}, {"model": "users.mentorrequesttimeslot", "pk": 28, "fields": {"mentor": 2, "mentor_availability": 4, "weekday": "Wednesday", "from_time": "01:00:00", "to_time": "01:20:00", "is_available": true}}, {"model": "users.mentorrequesttimeslot", "pk": 29, "fields": {"mentor": 2, "mentor_availability": 4, "weekday": "Wednesday", "from_time": "01:20:00", "to_time": "01:40:00", "is_available": true}}, {"model": "users.mentorrequesttimeslot", "pk": 30, "fields": {"mentor": 2, "mentor_availability": 4, "weekday": "Wednesday", "from_time": "01:40:00", "to_time": "02:00:00", "is_available": true}}, {"model": "users.mentorrequesttimeslot", "pk": 31, "fields": {"mentor": 2, "mentor_availability": 4, "weekday": "Wednesday", "from_time": "02:00:00", "to_time": "02:20:00", "is_available": true}}, {"model": "users.mentorrequesttimeslot", "pk": 32, "fields": {"mentor": 2, "mentor_availability": 4, "weekday": "Wednesday", "from_time": "02:20:00", "to_time": "02:40:00", "is_available": true}}, {"model": "users.mentorrequesttimeslot", "pk": 33, "fields": {"mentor": 2, "mentor_availability": 4, "weekday": "Wednesday", "from_time": "02:40:00", "to_time": "03:00:00", "is_available": true}}, {"model": "users.mentorbookedevent", "pk": 1, "fields": {"mentor": 2, "mentor_time_slot": 29, "date": "2022-01-19", "weekday": "Wednesday", "is_available_status": false, "mentee_request": 1}}, {"model": "notifications.notification", "pk": 1, "fields": {"level": "info", "recipient": 5, "unread": false, "actor_content_type": 7, "actor_object_id": "4", "verb": "Content Booked", "description": "Thasanthan requested Thasa on 2022-01-19", "target_content_type": null, "target_object_id": null, "action_object_content_type": null, "action_object_object_id": null, "timestamp": "2022-01-12T14:25:57.960Z", "public": true, "deleted": false, "emailed": false, "data": "{\"url\": \"/mentor/startmeeting/\"}"}}, {"model": "notifications.notification", "pk": 2, "fields": {"level": "info", "recipient": 5, "unread": false, "actor_content_type": 7, "actor_object_id": "4", "verb": "Review Added", "description": "Awesome Content", "target_content_type": null, "target_object_id": null, "action_object_content_type": null, "action_object_object_id": null, "timestamp": "2022-01-12T15:29:27.931Z", "public": true, "deleted": false, "emailed": false, "data": "{\"url\": \"/mentor/content/2\"}"}}, {"model": "meeting.meeting", "pk": 1, "fields": {"mentor": 1, "mentee": 1, "channel": "adsfasdfasdF", "meeting_title": "sadfasdf", "meeting_subject": "asdfsadf", "start_time": "13:54:13", "end_time": "13:54:15", "date": "2022-01-12", "meeting_request": null, "content": null, "created_at": "2022-01-12T13:55:04.957Z", "updated_at": "2022-01-12T13:55:04.957Z", "completed": false, "mentor_time_slot": null, "meeting_url": "http://localhost:8000/admin/meeting/meeting/add/"}}, {"model": "meeting.meeting", "pk": 2, "fields": {"mentor": 2, "mentee": 3, "channel": "", "meeting_title": "Thasa Booked by Thasanthan", "meeting_subject": "Thasa Booked by Thasanthan", "start_time": null, "end_time": null, "date": "2022-01-19", "meeting_request": 1, "content": 2, "created_at": "2022-01-12T14:25:54.643Z", "updated_at": "2022-01-12T14:25:54.643Z", "completed": false, "mentor_time_slot": 29, "meeting_url": "#"}}, {"model": "meeting.meetingrecording", "pk": 1, "fields": {"mentor": 1, "meeting": 1, "created_at": "2022-01-12T13:56:29.087Z", "updated_at": "2022-01-12T13:56:29.088Z", "sid": "345454", "resourceId": "345345", "stopresponse": null, "recording": "recording/motive.mp4"}}, {"model": "meeting.meetingrecording", "pk": 6, "fields": {"mentor": 5, "meeting": 2, "created_at": "2022-01-12T15:59:31.241Z", "updated_at": "2022-01-12T15:59:31.241Z", "sid": "", "resourceId": "", "stopresponse": null, "recording": "recording/osman_Thasanthan_ImzmPED.webm"}}, {"model": "meeting.meetingrecording", "pk": 7, "fields": {"mentor": 5, "meeting": 2, "created_at": "2022-01-12T16:14:14.183Z", "updated_at": "2022-01-12T16:14:14.183Z", "sid": "", "resourceId": "", "stopresponse": null, "recording": "recording/osman_Thasanthan_oILWlN5.webm"}}, {"model": "meeting.meetingrecording", "pk": 8, "fields": {"mentor": 5, "meeting": 2, "created_at": "2022-01-12T16:45:08.828Z", "updated_at": "2022-01-12T16:45:08.828Z", "sid": "", "resourceId": "", "stopresponse": null, "recording": "recording/osman_Thasanthan_QvrjTPu.webm"}}]